{
  "version": "6.0",
  "nxVersion": "18.0.8",
  "deps": {
    "react": "18.2.0",
    "react-dom": "18.2.0",
    "react-router-dom": "6.11.2",
    "tslib": "^2.3.0",
    "@babel/core": "^7.14.5",
    "@babel/preset-react": "^7.14.5",
    "@nx/cypress": "18.0.8",
    "@nx/eslint": "18.0.8",
    "@nx/eslint-plugin": "18.0.8",
    "@nx/js": "18.0.8",
    "@nx/react": "18.0.8",
    "@nx/vite": "18.0.8",
    "@nx/web": "18.0.8",
    "@nx/workspace": "18.0.8",
    "@swc-node/register": "~1.8.0",
    "@swc/cli": "~0.1.62",
    "@swc/core": "~1.3.85",
    "@swc/helpers": "~0.5.2",
    "@testing-library/react": "14.0.0",
    "@types/node": "18.16.9",
    "@types/react": "18.2.33",
    "@types/react-dom": "18.2.14",
    "@typescript-eslint/eslint-plugin": "^6.13.2",
    "@typescript-eslint/parser": "^6.13.2",
    "@vitejs/plugin-react": "^4.2.0",
    "@vitest/coverage-v8": "^1.0.4",
    "@vitest/ui": "^1.3.1",
    "cypress": "13.6.4",
    "eslint": "~8.48.0",
    "eslint-config-prettier": "^9.0.0",
    "eslint-plugin-cypress": "^2.13.4",
    "eslint-plugin-import": "2.27.5",
    "eslint-plugin-jsx-a11y": "6.7.1",
    "eslint-plugin-react": "7.32.2",
    "eslint-plugin-react-hooks": "4.6.0",
    "jsdom": "~22.1.0",
    "nx": "18.0.8",
    "prettier": "^2.6.2",
    "typescript": "~5.3.2",
    "vite": "~5.0.0",
    "vitest": "^1.3.1"
  },
  "pathMappings": {
    "@shared/components": [
      "libs/shared/ui/components/src/index.ts"
    ],
    "@shared/layouts": [
      "libs/shared/ui/layouts/src/index.ts"
    ]
  },
  "nxJsonPlugins": [
    {
      "name": "@nx/vite/plugin",
      "options": {
        "buildTargetName": "build",
        "previewTargetName": "preview",
        "testTargetName": "test",
        "serveTargetName": "serve",
        "serveStaticTargetName": "serve-static"
      }
    },
    {
      "name": "@nx/eslint/plugin",
      "options": {
        "targetName": "lint"
      }
    },
    {
      "name": "@nx/cypress/plugin",
      "options": {
        "targetName": "e2e",
        "componentTestingTargetName": "component-test"
      }
    }
  ],
  "fileMap": {
    "projectFileMap": {
      "admin-web": [
        {
          "file": "apps/admin-web/.eslintrc.json",
          "hash": "11012487992710232822"
        },
        {
          "file": "apps/admin-web/index.html",
          "hash": "6506588378611803592"
        },
        {
          "file": "apps/admin-web/project.json",
          "hash": "14740779674538743370"
        },
        {
          "file": "apps/admin-web/public/favicon.ico",
          "hash": "9303420814833116677"
        },
        {
          "file": "apps/admin-web/src/app/app.module.css",
          "hash": "8887387885984320532"
        },
        {
          "file": "apps/admin-web/src/app/app.spec.tsx",
          "hash": "7255417620717336266",
          "deps": [
            "npm:@testing-library/react"
          ]
        },
        {
          "file": "apps/admin-web/src/app/app.tsx",
          "hash": "13043136744532541423",
          "deps": [
            "npm:react-router-dom",
            "components"
          ]
        },
        {
          "file": "apps/admin-web/src/app/nx-welcome.tsx",
          "hash": "729168762476089670"
        },
        {
          "file": "apps/admin-web/src/app/pages/Dashboard/Dashboard.module.css",
          "hash": "125145030238681982"
        },
        {
          "file": "apps/admin-web/src/app/pages/Dashboard/Dashboard.spec.tsx",
          "hash": "4722793722924471624",
          "deps": [
            "npm:@testing-library/react"
          ]
        },
        {
          "file": "apps/admin-web/src/app/pages/Dashboard/Dashboard.tsx",
          "hash": "361238179671260275"
        },
        {
          "file": "apps/admin-web/src/app/pages/Home/Home.module.css",
          "hash": "125145030238681982"
        },
        {
          "file": "apps/admin-web/src/app/pages/Home/Home.spec.tsx",
          "hash": "5013267585333167935",
          "deps": [
            "npm:@testing-library/react"
          ]
        },
        {
          "file": "apps/admin-web/src/app/pages/Home/Home.tsx",
          "hash": "2364168296256117837"
        },
        {
          "file": "apps/admin-web/src/assets/.gitkeep",
          "hash": "3244421341483603138"
        },
        {
          "file": "apps/admin-web/src/main.tsx",
          "hash": "4731961929376199421",
          "deps": [
            "npm:react",
            "npm:react-dom"
          ]
        },
        {
          "file": "apps/admin-web/src/styles.css",
          "hash": "5195668842064076916"
        },
        {
          "file": "apps/admin-web/tsconfig.app.json",
          "hash": "7232119452847825095"
        },
        {
          "file": "apps/admin-web/tsconfig.json",
          "hash": "11166545116916107487"
        },
        {
          "file": "apps/admin-web/tsconfig.spec.json",
          "hash": "9472099605191632308"
        },
        {
          "file": "apps/admin-web/vite.config.ts",
          "hash": "11353777355321444809",
          "deps": [
            "npm:vite",
            "npm:@vitejs/plugin-react",
            "npm:@nx/vite"
          ]
        }
      ],
      "portal-web": [
        {
          "file": "apps/portal-web/.eslintrc.json",
          "hash": "11012487992710232822"
        },
        {
          "file": "apps/portal-web/index.html",
          "hash": "12849653588706135101"
        },
        {
          "file": "apps/portal-web/project.json",
          "hash": "15037007593859298822"
        },
        {
          "file": "apps/portal-web/public/favicon.ico",
          "hash": "9303420814833116677"
        },
        {
          "file": "apps/portal-web/src/app/app.module.css",
          "hash": "8887387885984320532"
        },
        {
          "file": "apps/portal-web/src/app/app.spec.tsx",
          "hash": "11532506893522702288",
          "deps": [
            "npm:@testing-library/react",
            "npm:react-router-dom"
          ]
        },
        {
          "file": "apps/portal-web/src/app/app.tsx",
          "hash": "17304265895790622153",
          "deps": [
            "npm:react-router-dom"
          ]
        },
        {
          "file": "apps/portal-web/src/app/nx-welcome.tsx",
          "hash": "729168762476089670"
        },
        {
          "file": "apps/portal-web/src/assets/.gitkeep",
          "hash": "3244421341483603138"
        },
        {
          "file": "apps/portal-web/src/main.tsx",
          "hash": "763379880219152615",
          "deps": [
            "npm:react",
            "npm:react-dom",
            "npm:react-router-dom"
          ]
        },
        {
          "file": "apps/portal-web/src/styles.css",
          "hash": "5195668842064076916"
        },
        {
          "file": "apps/portal-web/tsconfig.app.json",
          "hash": "7232119452847825095"
        },
        {
          "file": "apps/portal-web/tsconfig.json",
          "hash": "11166545116916107487"
        },
        {
          "file": "apps/portal-web/tsconfig.spec.json",
          "hash": "9472099605191632308"
        },
        {
          "file": "apps/portal-web/vite.config.ts",
          "hash": "12069657874013758260",
          "deps": [
            "npm:vite",
            "npm:@vitejs/plugin-react",
            "npm:@nx/vite"
          ]
        }
      ],
      "layouts": [
        {
          "file": "libs/shared/ui/layouts/.babelrc",
          "hash": "2946678488919325452"
        },
        {
          "file": "libs/shared/ui/layouts/.eslintrc.json",
          "hash": "12678463301772327123"
        },
        {
          "file": "libs/shared/ui/layouts/README.md",
          "hash": "5888818865558024059"
        },
        {
          "file": "libs/shared/ui/layouts/project.json",
          "hash": "9954182061936123028"
        },
        {
          "file": "libs/shared/ui/layouts/src/index.ts",
          "hash": "12098879864333374803"
        },
        {
          "file": "libs/shared/ui/layouts/src/lib/layouts.module.css",
          "hash": "125145030238681982"
        },
        {
          "file": "libs/shared/ui/layouts/src/lib/layouts.spec.tsx",
          "hash": "16009654939911441509",
          "deps": [
            "npm:@testing-library/react"
          ]
        },
        {
          "file": "libs/shared/ui/layouts/src/lib/layouts.tsx",
          "hash": "843610561913592105"
        },
        {
          "file": "libs/shared/ui/layouts/tsconfig.json",
          "hash": "11799624189472982038"
        },
        {
          "file": "libs/shared/ui/layouts/tsconfig.lib.json",
          "hash": "581287053362230052"
        },
        {
          "file": "libs/shared/ui/layouts/tsconfig.spec.json",
          "hash": "14619030086705980422"
        },
        {
          "file": "libs/shared/ui/layouts/vite.config.ts",
          "hash": "9623216849489574716",
          "deps": [
            "npm:vite",
            "npm:@vitejs/plugin-react",
            "npm:@nx/vite"
          ]
        }
      ],
      "admin-web-e2e": [
        {
          "file": "apps/admin-web-e2e/.eslintrc.json",
          "hash": "14060216369337943343"
        },
        {
          "file": "apps/admin-web-e2e/cypress.config.ts",
          "hash": "6867028376342149685",
          "deps": [
            "npm:@nx/cypress",
            "npm:cypress"
          ]
        },
        {
          "file": "apps/admin-web-e2e/project.json",
          "hash": "11693159224453710484"
        },
        {
          "file": "apps/admin-web-e2e/src/e2e/app.cy.ts",
          "hash": "13355394862193457847"
        },
        {
          "file": "apps/admin-web-e2e/src/fixtures/example.json",
          "hash": "11785586596216172004"
        },
        {
          "file": "apps/admin-web-e2e/src/support/app.po.ts",
          "hash": "11157016311132186162"
        },
        {
          "file": "apps/admin-web-e2e/src/support/commands.ts",
          "hash": "5397443931564808659"
        },
        {
          "file": "apps/admin-web-e2e/src/support/e2e.ts",
          "hash": "1054106023200826784"
        },
        {
          "file": "apps/admin-web-e2e/tsconfig.json",
          "hash": "10740392072068377465"
        }
      ],
      "portal-web-e2e": [
        {
          "file": "apps/portal-web-e2e/.eslintrc.json",
          "hash": "14060216369337943343"
        },
        {
          "file": "apps/portal-web-e2e/cypress.config.ts",
          "hash": "333204817415023645",
          "deps": [
            "npm:@nx/cypress",
            "npm:cypress"
          ]
        },
        {
          "file": "apps/portal-web-e2e/project.json",
          "hash": "578162774179361158"
        },
        {
          "file": "apps/portal-web-e2e/src/e2e/app.cy.ts",
          "hash": "8111256471057177092"
        },
        {
          "file": "apps/portal-web-e2e/src/fixtures/example.json",
          "hash": "11785586596216172004"
        },
        {
          "file": "apps/portal-web-e2e/src/support/app.po.ts",
          "hash": "11157016311132186162"
        },
        {
          "file": "apps/portal-web-e2e/src/support/commands.ts",
          "hash": "5397443931564808659"
        },
        {
          "file": "apps/portal-web-e2e/src/support/e2e.ts",
          "hash": "1054106023200826784"
        },
        {
          "file": "apps/portal-web-e2e/tsconfig.json",
          "hash": "10740392072068377465"
        }
      ],
      "components": [
        {
          "file": "libs/shared/ui/components/.babelrc",
          "hash": "2946678488919325452"
        },
        {
          "file": "libs/shared/ui/components/.eslintrc.json",
          "hash": "12678463301772327123"
        },
        {
          "file": "libs/shared/ui/components/README.md",
          "hash": "7579566876095758834"
        },
        {
          "file": "libs/shared/ui/components/project.json",
          "hash": "14679692947847624883"
        },
        {
          "file": "libs/shared/ui/components/src/SampleComponent/SampleComponent.module.css",
          "hash": "125145030238681982"
        },
        {
          "file": "libs/shared/ui/components/src/SampleComponent/SampleComponent.spec.tsx",
          "hash": "15388597931089692538",
          "deps": [
            "npm:@testing-library/react"
          ]
        },
        {
          "file": "libs/shared/ui/components/src/SampleComponent/SampleComponent.tsx",
          "hash": "13200308797425634562"
        },
        {
          "file": "libs/shared/ui/components/src/forms/Divider/Divider.module.css",
          "hash": "125145030238681982"
        },
        {
          "file": "libs/shared/ui/components/src/forms/Divider/Divider.spec.tsx",
          "hash": "17075798248872915463",
          "deps": [
            "npm:@testing-library/react"
          ]
        },
        {
          "file": "libs/shared/ui/components/src/forms/Divider/Divider.tsx",
          "hash": "8858565382256749854"
        },
        {
          "file": "libs/shared/ui/components/src/forms/TextField/TextField.module.css",
          "hash": "125145030238681982"
        },
        {
          "file": "libs/shared/ui/components/src/forms/TextField/TextField.spec.tsx",
          "hash": "9707808721168855365",
          "deps": [
            "npm:@testing-library/react"
          ]
        },
        {
          "file": "libs/shared/ui/components/src/forms/TextField/TextField.tsx",
          "hash": "2131898808755067027"
        },
        {
          "file": "libs/shared/ui/components/src/index.ts",
          "hash": "7527997712220069704"
        },
        {
          "file": "libs/shared/ui/components/tsconfig.json",
          "hash": "11799624189472982038"
        },
        {
          "file": "libs/shared/ui/components/tsconfig.lib.json",
          "hash": "581287053362230052"
        },
        {
          "file": "libs/shared/ui/components/tsconfig.spec.json",
          "hash": "14619030086705980422"
        },
        {
          "file": "libs/shared/ui/components/vite.config.ts",
          "hash": "976472384040513176",
          "deps": [
            "npm:vite",
            "npm:@vitejs/plugin-react",
            "npm:@nx/vite"
          ]
        }
      ]
    },
    "nonProjectFiles": [
      {
        "file": ".editorconfig",
        "hash": "5443105041930014821"
      },
      {
        "file": ".eslintignore",
        "hash": "7663861978715868291"
      },
      {
        "file": ".eslintrc.json",
        "hash": "17866138117546000433"
      },
      {
        "file": ".gitignore",
        "hash": "16877376182141465221"
      },
      {
        "file": ".prettierignore",
        "hash": "16448050467312557263"
      },
      {
        "file": ".prettierrc",
        "hash": "16267754514737964994"
      },
      {
        "file": ".vscode/extensions.json",
        "hash": "4134969992917317260"
      },
      {
        "file": "README.md",
        "hash": "4255287220861896968"
      },
      {
        "file": "libs/data-access/admin-web/api/auth.service.ts",
        "hash": "3244421341483603138"
      },
      {
        "file": "libs/data-access/admin-web/store/index.ts",
        "hash": "3244421341483603138"
      },
      {
        "file": "libs/data-access/admin-web/store/rootReducer.js",
        "hash": "3244421341483603138"
      },
      {
        "file": "nx.json",
        "hash": "5368659614749635896"
      },
      {
        "file": "package-lock.json",
        "hash": "8244454644017889856"
      },
      {
        "file": "package.json",
        "hash": "8185077285521590820"
      },
      {
        "file": "tsconfig.base.json",
        "hash": "16797158052736048073"
      }
    ]
  }
}
